<?xml version="1.0" encoding="UTF-8"?>
<project-private xmlns="http://www.netbeans.org/ns/project-private/1">
    <editor-bookmarks xmlns="http://www.netbeans.org/ns/editor-bookmarks/2" lastBookmarkId="0"/>
    <open-files xmlns="http://www.netbeans.org/ns/projectui-open-files/2">
        <group>
            <file>file:/C:/Users/Dario/Downloads/IMAS/mas-skeleton/src/cat/urv/imas/behaviour/harvestercoordinator/CoalitionBehaviour.java</file>
            <file>file:/C:/Users/Dario/Downloads/IMAS/mas-skeleton/src/cat/urv/imas/agent/HarvesterCoordinatorAgent.java</file>
            <file>file:/C:/Users/Dario/Downloads/IMAS/mas-skeleton/src/cat/urv/imas/agent/CoordinatorAgent.java</file>
            <file>file:/C:/Users/Dario/Downloads/IMAS/mas-skeleton/src/cat/urv/imas/agent/HarvesterAgent.java</file>
        </group>
    </open-files>
</project-private>
